{"cameraMode":{"drawMode":0,"name":"Shaded","section":"Shading Mode"},"sceneLighting":true,"audioPlay":false,"sceneViewState":{"m_AlwaysRefresh":false,"showFog":true,"showSkybox":true,"showFlares":true,"showImageEffects":true,"showParticleSystems":true,"showVisualEffectGraphs":true,"m_FxEnabled":false},"in2DMode":false,"pivot":{"x":0.004000186920166016,"y":0.6979999542236328,"z":1.8819999694824219},"rotation":{"x":-0.0134838055819273,"y":0.9609757661819458,"z":-0.272175669670105,"w":-0.04760712385177612},"size":2.4197845458984377,"orthographic":false}